Compound ID,measured log(solubility:mol/L),ESOL predicted log(solubility:mol/L),SMILES
phenothrin,-5.24,-6.763,CC(C)=CC3C(C(=O)OCc2cccc(Oc1ccccc1)c2)C3(C)C 
"2,2'-PCB",-5.27,-4.984,Clc1ccccc1c2ccccc2Cl 
Methyl octanoate,-3.17,-2.608,CCCCCCCC(=O)OC
Dyphylline,-0.17,-0.847,Cn2c(=O)n(C)c1ncn(CC(O)CO)c1c2=O
"2,2',3,4,5,5'-PCB",-7.68,-7.343,Clc1ccc(Cl)c(c1)c2cc(Cl)c(Cl)c(Cl)c2Cl
RTI 22,-4.871,-4.408,CCN2c1cc(N(C)C)cc(C)c1NC(=O)c3cccnc23 
"1,2,4,5-Tetrachlorobenzene",-5.56,-4.621,Clc1cc(Cl)c(Cl)cc1Cl
Di-n-propylsulfide,-2.58,-2.307,CCCSCCC
nifedipine,-4.76,-4.248,COC(=O)C1=C(C)NC(=C(C1c2ccccc2N(=O)=O)C(=O)OC)C 
2-Methylpentanol,-1.11,-1.381,CCCC(C)CO
brompyrazone,-3.127,-3.005,c1ccccc1n2ncc(N)c(Br)c2(=O)
p-Phenylphenol,-3.48,-3.701,Oc1ccc(cc1)c2ccccc2
"1,5-Dimethlnapthalene",-4.678999999999999,-4.147,Cc1cccc2c(C)cccc12
2-Methyltetrahydrofurane,0.11,-1.034,CC1CCCO1
p-Chloroaniline,-1.66,-2.392,Nc1ccc(Cl)cc1
ethiofencarb,-2.09,-2.855,CCSCc1ccccc1OC(=O)NC 
tetrachloroguaiacol,-4.02,-4.2989999999999995,COc1c(O)c(Cl)c(Cl)c(Cl)c1Cl 
"3,5-Dimethylphenol",-1.4,-2.6519999999999997,Cc1cc(C)cc(O)c1
Flucytosine,-0.972,-0.132,Nc1nc(=O)[nH]cc1F
hydrobenzoin,-1.93,-2.645,c1ccccc1C(O)C(O)c2ccccc2
2-Bromonapthalene,-4.4,-4.434,Brc1ccc2ccccc2c1
Carbetamide,-1.83,-2.29,c1c(NC(=O)OC(C)C(=O)NCC)cccc1
"1,2,3,4-Tetrachlorobenzene",-4.57,-4.546,Clc1ccc(Cl)c(Cl)c1Cl
Thymol,-2.22,-3.1289999999999996,CC(C)c1ccc(C)cc1O
trans-2-Heptene ,-3.82,-2.784,CCCC/C=C/C
Secobarbital,-2.356,-2.415,O=C1NC(=O)NC(=O)C1(C(C)CCC)CC=C
"3,5-Dichlorophenol",-1.34,-3.428,Oc1cc(Cl)cc(Cl)c1
Tetradecane,-7.96,-5.45,CCCCCCCCCCCCCC
Guaiacol,-1.96,-1.9409999999999998,COc1ccccc1O 
pregnenolone,-4.65,-4.342,CC(=O)C3CCC4C2CC=C1CC(O)CCC1(C)C2CCC34C 
2-methoxypteridine,-1.11,-1.589,COc2ncc1nccnc1n2
Metronidazole,-1.22,-0.8590000000000001,Cc1ncc(N(=O)=O)n1CCO
o-Toluidine,-2.21,-1.922,Cc1ccccc1N
Benzyltrifluoride,-2.51,-3.0989999999999998,FC(F)(F)c1ccccc1
Pyrazon,-2.878,-2.603,Nc2cnn(c1ccccc1)c(=O)c2Cl
Lindane,-4.64,-4.0089999999999995,ClC1C(Cl)C(Cl)C(Cl)C(Cl)C1Cl
3-Methylpentane,-3.68,-2.6,CCC(C)CC
Diisopropyl ether ,-1.1,-1.281,CC(C)OC(C)C
3-Pentanone,-0.28,-0.912,CCC(=O)CC
Terbutryn,-4.0,-3.75,CCNc1nc(NC(C)(C)C)nc(SC)n1
Pirimicarb,-1.95,-2.34,CN(C)C(=O)Oc1nc(nc(C)c1C)N(C)C
Hydrocortisone ,-3.09,-3.159,CC12CC(O)C3C(CCC4=CC(=O)CCC34C)C2CCC1(O)C(=O)CO
D-fenchone,-1.85,-2.158,CC2(C)C1CCC(C)(C1)C2=O
Methyl propionate,-0.14,-0.836,CCC(=O)OC
Methyl butyl ether ,-0.99,-1.072,CCCCOC
Buturon,-3.9,-3.199,CC(C#C)N(C)C(=O)Nc1ccc(Cl)cc1
hydrazobenzene,-2.92,-3.492,N(Nc1ccccc1)c2ccccc2 
Metoxuron,-2.5639999999999996,-2.6830000000000003,COc1ccc(NC(=O)N(C)C)cc1Cl
Ethylene,-0.4,-0.815,C=C
Dimethyl sulfide,-0.45,-0.758,CSC
"2,3-Dichloronitrobenzene",-3.48,-3.322,O=N(=O)c1c(Cl)c(Cl)ccc1
Anthracene,-6.35,-4.518,c1ccc2cc3ccccc3cc2c1
1-Octyne ,-3.66,-2.509,CCCCCCC#C
DNOC,-1.456,-2.818,Cc1cc(cc(N(=O)=O)c1O)N(=O)=O
Nonane,-5.88,-3.678,CCCCCCCCC
"1,3-Benzenediol",0.81,-1.59,Oc1cccc(O)c1
Corticosterone,-3.24,-3.4539999999999997,CC12CC(O)C3C(CCC4=CC(=O)CCC34C)C2CCC1C(=O)CO
1-Chloropentane,-2.73,-2.294,CCCCCCl
Chloramphenicol,-2.1109999999999998,-2.613,OCC(NC(=O)C(Cl)Cl)C(O)c1ccc(cc1)N(=O)=O
Oxamyl,0.106,-0.9079999999999999,CNC(=O)ON=C(SC)C(=O)N(C)C
Cyclohexanol ,-0.44,-1.261,OC1CCCCC1
Bromacil,-2.523,-3.4189999999999996,CCC(C)n1c(=O)[nH]c(C)c(Br)c1=O 
Tetrabromomethane,-3.14,-4.063,BrC(Br)(Br)Br
Eicosane,-8.172,-7.5760000000000005,CCCCCCCCCCCCCCCCCCCC
salicylanilide,-3.59,-3.782,c1ccccc1NC(=O)c2c(O)cccc2
Pencycuron,-5.915,-5.126,Clc1ccc(CN(C2CCCC2)C(=O)Nc3ccccc3)cc1
Digitoxin,-5.292999999999999,-6.114,CC1OC(CC(O)C1O)OC2C(O)CC(OC2C)OC8C(O)CC(OC7CCC3(C)C(CCC4C3CCC5(C)C(CCC45O)C6=CC(=O)OC6)C7)OC8C 
prednisolone acetate,-4.37,-3.5069999999999997,CC(=O)OCC(=O)C3(O)CCC4C2CCC1=CC(=O)C=CC1(C)C2C(O)CC34C 
nevirapine,-3.19,-3.397,Cc3ccnc4N(C1CC1)c2ncccc2C(=O)Nc34 
Hexadecane,-8.4,-6.159,CCCCCCCCCCCCCCCC
"1,4-Dimethylnaphthalene ",-4.14,-4.147,Cc1ccc(C)c2ccccc12
Tricyclazole,-2.07,-2.8680000000000003,Cc2cccc3sc1nncn1c23 
Neburon,-4.77,-4.157,CCCCN(C)C(=O)Nc1ccc(Cl)c(Cl)c1
Ioxynil,-3.61,-4.615,Oc1c(I)cc(C#N)cc1I
5-Allyl-5-ethylbarbital,-1.614,-1.368,O=C1NC(=O)NC(=O)C1(CC)CC=C
Dimethyl phthalate,-1.66,-2.347,COC(=O)c1ccccc1C(=O)OC
Acridine,-3.67,-3.846,c3ccc2nc1ccccc1cc2c3
Triamterene,-2.404,-3.051,Nc3nc(N)c2nc(c1ccccc1)c(N)nc2n3
Dipropyl ether,-1.62,-1.426,CCCOCCC
Riboflavin,-3.685,-1.865,Cc3cc2nc1c(=O)[nH]c(=O)nc1n(CC(O)C(O)C(O)CO)c2cc3C
borneol,-2.32,-2.423,CC1(C)C2CCC1(C)C(O)C2
3-Methylcholanthrene,-7.92,-6.311,c1cc(C)cc2c1c3cc4cccc5CCc(c45)c3cc2
Flumethasone,-5.6129999999999995,-3.5389999999999997,CC1CC2C3CC(F)C4=CC(=O)C=CC4(C)C3(F)C(O)CC2(C)C1(O)C(=O)CO
"1,2,4-Trimethylbenzene",-3.31,-3.343,Cc1ccc(C)c(C)c1
methyl gallate,-1.24,-1.913,COC(=O)c1cc(O)c(O)c(O)c1 
Benzoxazole,-1.16,-2.214,c2ccc1ocnc1c2
Cyclopentyl-5-spirobarbituric acid,-2.349,-0.966,O=C2NC(=O)C1(CCCC1)C(=O)N2
Phoxim,-4.862,-4.5569999999999995,CCOP(=S)(OCC)ON=C(C#N)c1ccccc1
norethindrone acetate,-4.8,-4.2410000000000005,CC(=O)OC3(CCC4C2CCC1=CC(=O)CCC1C2CCC34C)C#C
"1,2-Diethylbenzene",-3.28,-3.6010000000000004,CCc1ccccc1CC
dimetan,-0.85,-2.3040000000000003,CN(C)C(=O)OC1=CC(=O)CC(C)(C)C1 
Phenetole,-2.33,-2.66,CCOc1ccccc1
butallylonal,-2.647,-2.766,CCC(C)C1(CC(Br)=C)C(=O)NC(=O)NC1=O 
Chrysene,-8.057,-5.568,c1ccc2c(c1)ccc3c4ccccc4ccc23
Benzo(j)fluoranthene,-8.0,-6.007000000000001,c1ccc2c3c(ccc2c1)c4cccc5cccc3c45
theobromine,-2.523,-1.05,Cn1cnc2n(C)c(=O)[nH]c(=O)c12 
Carbophenthion,-5.736000000000001,-5.827999999999999,CCOP(=S)(OCC)SCSc1ccc(Cl)cc1
Flutriafol,-3.37,-3.569,OC(Cn1cncn1)(c2ccc(F)cc2)c3ccccc3F
acetyl sulfisoxazole,-3.59,-2.024,CC(=O)N(S(=O)c1ccc(N)cc1)c2onc(C)c2C 
Propyl acetate,-0.72,-1.125,CCCOC(=O)C
Fluometuron,-3.43,-3.065,CN(C)C(=O)Nc1cccc(c1)C(F)(F)F
"2,6-Dimethylpyridine",0.45,-2.0980000000000003,Cc1cccc(C)n1
Ethyl vinyl ether,-0.85,-0.857,CCOC=C
p-Hydroxybenzaldehyde ,-0.96,-2.003,Oc1ccc(C=O)cc1
acetazolamide,-2.36,-0.7929999999999999,CC(=O)Nc1nnc(s1)S(N)(=O)=O 
Propylcyclopentane,-4.74,-3.16,CCCC1CCCC1
1-Chloro-2-methylpropane,-2.0,-1.9240000000000002,ClCC(C)C
"5,5-Diallylbarbital",-2.077,-1.4709999999999999,O=C1NC(=O)NC(=O)C1(CC=C)CC=C
Butyl acetate,-1.37,-1.111,CCCCOC=O
Chlorbromuron,-3.924,-3.938,CON(C)C(=O)Nc1ccc(Br)c(Cl)c1
Flucythrinate,-6.876,-6.877999999999999,CC(C)C(C(=O)OC(C#N)c1cccc(Oc2ccccc2)c1)c3ccc(OC(F)F)cc3
Chlorazine,-4.4110000000000005,-3.6630000000000003,CCN(CC)c1nc(Cl)nc(n1)N(CC)CC
2-Chloronapthalene,-4.14,-4.063,Clc1ccc2ccccc2c1
Nitromethane,0.26,-0.042,CN(=O)=O
Cyhalothrin,-8.176,-6.905,CC1(C)C(C=C(Cl)C(F)(F)F)C1C(=O)OC(C#N)c2cccc(Oc3ccccc3)c2
gentisin,-2.943,-1.2919999999999998,c1c(O)C2C(=O)C3cc(O)ccC3OC2cc1(OC)
Dialifos,-6.34,-5.026,CCOP(=S)(OCC)SC(CCl)N2C(=O)c1ccccc1C2=O
Diazinon,-3.64,-3.989,CCOP(=S)(OCC)Oc1cc(C)nc(n1)C(C)C
1-Bromopentane,-3.08,-2.658,CCCCCBr
glucose,0.74,0.501,OCC1OC(O)C(O)C(O)C1O
"1,3,5-Trichlorobenzene",-4.48,-4.159,Clc1cc(Cl)cc(Cl)c1
Iodofenphos,-6.62,-6.148,COP(=S)(OC)Oc1cc(Cl)c(I)cc1Cl
simazine,-4.55,-2.8110000000000004,CCNc1nc(Cl)nc(NCC)n1 
Isopropyl acetate,-0.55,-1.1909999999999998,CC(C)OC(=O)C
Dicapthon,-4.31,-4.188,COP(=S)(OC)Oc1ccc(cc1Cl)N(=O)=O
"3,3-Dimethylpentane",-4.23,-2.938,CCC(C)(C)CC
Methoxsalen,-3.6639999999999997,-3.25,COc2c1occc1cc3ccc(=O)oc23 
Dibromomethane,-1.17,-1.883,BrCBr
Prometryn,-4.1,-3.693,CSc1nc(NC(C)C)nc(NC(C)C)n1
Propyl propanoate,-1.34,-1.545,CCCCC(=O)OC
Phorate,-4.11,-3.747,CCOP(=S)(OCC)SCSCC
Benzophenone,-3.12,-3.612,O=C(c1ccccc1)c2ccccc2
"2,3-Dimethyl-1,3-Butadiene",-2.4,-2.052,CC(=C)C(=C)C
"1,1,1-Trichloroethane",-2.0,-2.2319999999999998,CC(Cl)(Cl)Cl
Azodrin,0.6509999999999999,-0.9490000000000001,CNC(=O)C=C(C)OP(=O)(OC)OC
2-Methyl-2-pentanol,-0.49,-1.308,CCCC(C)(C)O
Caproaldehyde,-1.3,-1.4569999999999999,CCCCCC=O
RTI 23,-5.153,-4.228,CCN2c1cc(OC)cc(C)c1NC(=O)c3cccnc23 
Nitroethane,-0.22,-0.462,CCN(=O)=O
o-Hydroxybenzamide,-1.82,-1.942,NC(=O)c1ccccc1O
Tetrafluthrin,-7.321000000000001,-6.3389999999999995,Cc1c(F)c(F)c(COC(=O)C2C(C=C(Cl)C(F)(F)F)C2(C)C)c(F)c1F
Valeraldehyde,-0.85,-1.103,CCCCC=O
Ipazine,-3.785,-3.497,CCN(CC)c1nc(Cl)nc(NC(C)C)n1
3-Pentanol,-0.24,-0.97,CCC(O)CC
1-Bromo-2-methylpropane,-2.43,-2.2880000000000003,CC(C)CBr
Thiometon,-3.091,-3.323,CCSCCSP(=S)(OC)OC
Oxadiazon,-5.696000000000001,-5.265,CC(C)Oc1cc(c(Cl)cc1Cl)n2nc(oc2=O)C(C)(C)C
3-Hexanoyloxymethylphenyltoin,-5.886,-4.1530000000000005,O=C1N(COC(=O)CCCCC)C(=O)C(N1)(c2ccccc2)c3ccccc3
Methyldymron,-3.35,-3.863,CN(C(=O)NC(C)(C)c1ccccc1)c2ccccc2
Chlorobenzene,-2.38,-2.975,Clc1ccccc1
Dioxacarb,-1.57,-1.614,CNC(=O)Oc1ccccc1C2OCCO2
Fluoranthene,-6.0,-4.957,c1ccc2c(c1)c3cccc4cccc2c34
Menthone,-2.35,-2.516,CC(C)C1CCC(C)CC1=O
Propiconazole,-3.4930000000000003,-4.603,CCCC1COC(Cn2cncn2)(O1)c3ccc(Cl)cc3Cl
1-Hexanol,-1.24,-1.3969999999999998,CCCCCCO
chlorpyrifos,-5.67,-4.9719999999999995,CCOP(=S)(OCC)Oc1nc(Cl)c(Cl)cc1Cl 
Diuron,-3.8,-3.301,CN(C)C(=O)Nc1ccc(Cl)c(Cl)c1
Octane,-5.24,-3.324,CCCCCCCC
"2,6-Dinitrotoluene",-3.0,-2.553,Cc1c(cccc1N(=O)=O)N(=O)=O
Pentachlorobenzene,-5.65,-5.167999999999999,Clc1cc(Cl)c(Cl)c(Cl)c1Cl
1-Bromoheptane,-4.43,-3.366,CCCCCCCBr
XMC,-2.5810000000000004,-2.688,CNC(=O)Oc1cc(C)cc(C)c1
O-Ethyl carbamate,0.85,-0.218,CCOC(=O)N
butachlor,-4.19,-4.3469999999999995,CCCCOCN(C(=O)CCl)c1c(CC)cccc1CC 
Niridazole,-3.22,-1.9480000000000002,O=C1NCCN1c2ncc(s2)N(=O)=O
7-methoxypteridine,-0.91,-1.589,COc2cnc1cncnc1n2
Acetamide,1.58,0.494,CC(=O)N
ethofumesate,-3.42,-3.1839999999999997,CCOC2Oc1ccc(OS(C)(=O)=O)cc1C2(C)C
4-Chlorotoluene,-3.08,-3.2969999999999997,Cc1ccc(Cl)cc1
1-Heptene,-3.73,-2.718,CCCCCC=C
Benzo(b)fluoranthene,-8.23,-6.007000000000001,c1ccc2c(c1)c3cccc4c3c2cc5ccccc54
chloropropylate,-4.53,-5.093,c1ccc(Cl)cc1C(c2ccc(Cl)cc2)(O)C(=O)OC(C)C
Coumachlor,-5.8389999999999995,-4.553999999999999,CC(=O)CC(c1ccc(Cl)cc1)c2c(O)c3ccccc3oc2=O
Butylate,-3.68,-3.4530000000000003,CCSC(=O)N(CC(C)C)CC(C)C
Methyl acetate,0.46,-0.41600000000000004,COC(=O)C
4-Isopropyltoluene,-3.77,-3.617,CC(C)c1ccc(C)cc1
2-Chloropropane,-1.41,-1.585,CC(C)Cl
"1,8-Cineole",-1.74,-2.5789999999999997,CC12CCC(CC1)C(C)(C)O2
diisooctyl phthalate,-6.6370000000000005,-7.117000000000001,c1(C(=O)OCCCCCC(C)(C))c(C(=O)OCCCCCC(C)(C))cccc1
megestrol acetate,-5.35,-4.417,CC(=O)OC3(CCC4C2C=C(C)C1=CC(=O)CCC1(C)C2CCC34C)C(C)=O 
Dichlorophen,-3.9530000000000003,-4.9239999999999995,Oc1ccc(Cl)cc1Cc2cc(Cl)ccc2O
bromoxynil,-3.33,-3.793,Oc1c(Br)cc(C#N)cc1Br 
"2,6-Dimethylnaphthalene ",-4.89,-4.147,Cc1ccc2cc(C)ccc2c1
Carvone,-2.06,-2.042,CC(=C)C1CC=C(C)C(=O)C1
Cholanthrene,-7.85,-5.942,C1Cc2c3c1cccc3cc4c2ccc5ccccc54
Inosine,-1.23,-0.8340000000000001,OCC1OC(C(O)C1O)n2cnc3c(O)ncnc23
benzothiazole,-1.5,-2.733,c2ccc1scnc1c2 
1-Nonene ,-5.05,-3.427,CCCCCCCC=C
"N,N-Dimethylacetamide",1.11,0.12300000000000001,CN(C)C(=O)C
2-Nonanone,-2.58,-2.263,CCCCCCCC(=O)C
Xipamide,-3.79,-3.642,Cc1cccc(C)c1NC(=O)c2cc(c(Cl)cc2O)S(N)(=O)=O
"1,2,4,5-Tetramethylbenzene",-4.59,-3.6639999999999997,Cc1cc(C)c(C)cc1C
Propane,-1.94,-1.5530000000000002,CCC
o-Nitroaniline,-1.96,-2.2769999999999997,Nc1ccccc1N(=O)=O
Hexamethylbenzene,-5.23,-4.361000000000001,Cc1c(C)c(C)c(C)c(C)c1C
Benzo(a)fluorene,-6.68,-5.189,C1c2ccccc2c3ccc4ccccc4c13
Erythritol,0.7,0.675,OCC(O)C(O)CO
Cyclobutyl-5-spirobarbituric acid,-1.655,-0.527,O=C2NC(=O)C1(CCC1)C(=O)N2
N-Ethylaniline,-1.7,-2.3890000000000002,CCNc1ccccc1
Dienestrol,-4.95,-4.775,CC=C(C(=CC)c1ccc(O)cc1)c2ccc(O)cc2
Tetrahydropyran ,-0.03,-0.978,C1CCOCC1
Metolcarb,-1.8030000000000002,-1.9469999999999998,c1ccccc1(OC(=O)NC)
Disulfiram,-4.86,-3.862,CCN(CC)C(=S)SSC(=S)N(CC)CC
pyracarbolid,-2.56,-2.83,CC1=C(CCCO1)C(=O)Nc2ccccc2 
3-Methylbutan-1-ol,-0.51,-1.0270000000000001,CC(C)CCO
Ethyl decanoate,-4.1,-3.6710000000000003,CCCCCCCCCC(=O)OCC
Ethyl formate,0.15,-0.402,CCOC=O
"1,4-Dibromobenzene",-4.07,-4.298,Brc1ccc(Br)cc1
Minoxidil,-1.989,-1.8090000000000002,Nc1cc(nc(N)n1=O)N2CCCCC2 
Risocaine,-2.452,-2.7089999999999996,CCCOC(=O)c1ccc(N)cc1
Propylene,-1.08,-1.235,CC=C
indazole,-2.16,-2.34,c2ccc1[nH]ncc1c2 
4-hydroxypyridine,1.02,-1.655,Oc1ccncc1
Methyl nonanoate,-3.38,-2.9619999999999997,CCCCCCCCC(=O)OC
1-methyluracil,-0.807,-0.375,Cn1ccc(=O)[nH]c1=O
trans-2-Pentene ,-2.54,-2.076,CC/C=C/C
p-Nitroaniline,-2.37,-1.936,Nc1ccc(cc1)N(=O)=O
2-butenal,0.32,-0.604,CC=CC=O
Benomyl,-4.883,-2.9019999999999997,CCCCNC(=O)n1c(NC(=O)OC)nc2ccccc12
"2,6-Dichlorophenol",-1.79,-3.012,Oc1c(Cl)cccc1Cl
thiofanox,-1.62,-2.7,CNC(=O)ON=C(CSC)C(C)(C)C 
Anilofos,-4.4319999999999995,-5.106,COP(=S)(OC)SCC(=O)N(C(C)C)c1ccc(Cl)cc1
p-Chloroiodobenzene,-4.03,-4.3839999999999995,Clc1ccc(I)cc1
5-Methyl-5-ethylbarbituric acid,-1.228,-0.9109999999999999,O=C1NC(=O)NC(=O)C1(C)CC
Phenacetin,-2.35,-2.342,CCOc1ccc(NC(=O)C)cc1
"2,2',3,4,4',5',6-PCB",-7.92,-7.898,Clc1ccc(c(Cl)c1)c2c(Cl)c(Cl)c(Cl)c(Cl)c2Cl
Quinethazone,-3.29,-2.184,CCC2NC(=O)c1cc(c(Cl)cc1N2)S(N)(=O)=O
Cyclopropyl-5-spirobarbituric acid,-1.886,-0.08800000000000001,O=C2NC(=O)C1(CC1)C(=O)N2 
Diallate,-4.2860000000000005,-3.827,CC(C)N(C(C)C)C(=O)SCC(=CCl)Cl
Santonin,-3.09,-2.43,CC3C2CCC1(C)C=CC(=O)C(=C1C2OC3=O)C
"2,4-Dimethyl-3-pentanol",-1.22,-1.6469999999999998,CC(C)C(O)C(C)C
2-Chloro-2-methylbutane,-2.51,-2.278,CCC(C)(C)Cl
methyltestosterone acetate,-5.284,-4.863,CC(=O)OC3(C)CCC4C2CCC1=CC(=O)CCC1(C)C2CCC34C 
1-Heptanol,-1.81,-1.751,CCCCCCCO
L-arabinose,0.39,0.601,C1OC(O)C(O)C(O)C1O
"2,2-Dimethylpropanol",-0.4,-1.011,CC(C)(C)CO
"3,4-Dimethylpyridine",0.36,-2.0669999999999997,Cc1ccncc1C
1-Decanol,-3.63,-2.8139999999999996,CCCCCCCCCCO
Isopentyl acetate,-1.92,-1.817,CC(C)CCOC(=O)C
Acetanilide,-1.33,-1.857,CC(=O)Nc1ccccc1
Siduron,-4.11,-3.779,CC1CCCCC1NC(=O)Nc2ccccc2
Stanolone,-4.743,-3.8819999999999997,CC34CCC1C(CCC2CC(=O)CCC12C)C3CCC4O 
Indapamide,-3.5860000000000003,-4.345,CC2Cc1ccccc1N2NC(=O)c3ccc(Cl)c(c3)S(N)(=O)=O 
2-Nitropropane,-0.62,-0.743,CC(C)N(=O)=O
Propylbenzene ,-3.37,-3.281,CCCc1ccccc1
benzhydrol,-2.55,-3.033,c1ccccc1C(O)c2ccccc2
Triallate,-4.88,-4.578,CC(C)N(C(C)C)C(=O)SCC(Cl)=C(Cl)Cl
p-Methylaniline ,-1.21,-1.954,Cc1ccc(N)cc1
9-Methylanthracene,-5.89,-4.87,Cc1c2ccccc2cc3ccccc13
Pentyl acetate,-1.89,-1.8330000000000002,CCCCCOC(=O)C
Tetrachloromethane,-2.31,-2.6069999999999998,ClC(Cl)(Cl)Cl
4-Methyl-2-pentanol,-0.8,-1.308,CC(C)CC(C)O
Benzo[ghi]perylene,-9.017999999999999,-6.446000000000001,c1cc2ccc3ccc4ccc5cccc6c(c1)c2c3c4c56
"1,1-Dichloroethane",-1.29,-1.5759999999999998,CC(Cl)Cl
Decalin,-5.19,-3.715,C1CCC2CCCCC2C1
Iodobenzene,-3.01,-3.8,Ic1ccccc1
Prometon,-2.478,-3.448,COc1nc(NC(C)C)nc(NC(C)C)n1
Propyl butyrate,-1.92,-1.1909999999999998,CCCC(=O)OC
4-Bromotoluene,-3.19,-3.667,Cc1ccc(Br)cc1
"1,1,2,2-Tetrachloroethane",-1.74,-2.549,ClC(Cl)C(Cl)Cl
Diphenyl ether ,-3.96,-4.254,O(c1ccccc1)c2ccccc2
Heptachlor,-6.317,-5.26,ClC1C=CC2C1C3(Cl)C(=C(Cl)C2(Cl)C3(Cl)Cl)Cl
"2,4-PCB",-5.25,-5.142,Clc1ccc(cc1)c2ccccc2Cl 
"3,4-PCB",-6.39,-5.223,Clc1ccc(cc1Cl)c2ccccc2 
Triazolam,-4.09,-3.948,Cc3nnc4CN=C(c1ccccc1Cl)c2cc(Cl)ccc2n34
Isopentyl formate,-1.52,-1.449,CC(C)CCOC=O
dexamethasone acetate,-4.9,-3.9330000000000003,CC4CC3C2CCC1=CC(=O)C=CC1(C)C2(F)C(O)CC3(C)C4(O)C(=O)COC(C)=O 
t-Butylbenzene ,-3.66,-3.554,CC(C)(C)c1ccccc1
2-Methylpentane,-3.74,-2.6,CCCC(C)C
Propylisopropylether,-1.34,-1.354,CCCOC(C)C
Morin,-3.083,-2.7310000000000003,Oc1ccc(c(O)c1)c3oc2cc(O)cc(O)c2c(=O)c3O 
Dapsone,-3.094,-2.464,Nc1ccc(cc1)S(=O)(=O)c2ccc(N)cc2
osthole,-4.314,-4.0760000000000005,c1cc2ccc(OC)c(CC=C(C)(C))c2oc1=O 
Simetryn,-2.676,-2.6889999999999996,CSc1nc(nc(n1)N(C)C)N(C)C
Ethyl pentanoate,-1.75,-1.899,CCCOC(=O)CCC
Methyl hydrazine,1.34,0.5429999999999999,CNN
2-Chlorobiphenyl,-4.54,-4.5280000000000005,Clc1ccccc1c2ccccc2
1-Bromopropane,-1.73,-1.949,CCCBr
Trichloromethane,-1.17,-1.8119999999999998,ClC(Cl)Cl
Carvacrol,-2.08,-3.2239999999999998,c1(O)c(C)ccc(C(C)C)c1
3-Butanoyloxymethylphenytoin,-5.071000000000001,-3.469,O=C1N(COC(=O)CCC)C(=O)C(N1)(c2ccccc2)c3ccccc3
piperonal,-1.63,-2.033,O=Cc2ccc1OCOc1c2 
"2,3-Dimethylpyridine",0.38,-2.0669999999999997,Cc1cccnc1C
Dieldrin,-6.29,-4.533,ClC4=C(Cl)C5(Cl)C3C1CC(C2OC12)C3C4(Cl)C5(Cl)Cl
testosterone acetate,-5.184,-4.449,CC(=O)OC3CCC4C2CCC1=CC(=O)CCC1(C)C2CCC34C 
Benzylchloride,-2.39,-2.887,ClCc1ccccc1
Salicylamide,-1.8359999999999999,-1.942,NC(=O)c1ccccc1O
Cortisone,-3.11,-2.8930000000000002,CC12CC(=O)C3C(CCC4=CC(=O)CCC34C)C2CCC1(O)C(=O)CO
Isazofos,-3.658,-3.76,CCOP(=S)(OCC)Oc1nc(Cl)n(n1)C(C)C
Trichlomethiazide,-2.68,-2.98,NS(=O)(=O)c2cc1c(NC(NS1(=O)=O)C(Cl)Cl)cc2Cl 
"2,6-PCB",-5.21,-4.984,Clc1cccc(Cl)c1c2ccccc2 
aminopyrine,-0.364,-2.129,CN(C)c2c(C)n(C)n(c1ccccc1)c2=O 
Dinoseb,-3.38,-3.715,CCC(C)c1cc(cc(N(=O)=O)c1O)N(=O)=O 
Chlorimuron-ethyl (ph 7),-4.5760000000000005,-3.719,CCOC(=O)c1ccccc1S(=O)(=O)NN(C=O)c2nc(Cl)cc(OC)n2
isocarbamid,-2.15,-1.508,C1N(C(=O)NCC(C)C)C(=O)NC1
Ethane,-1.36,-1.1320000000000001,CC
2-Ethylnaphthalene,-4.29,-4.1,CCc1ccc2ccccc2c1
Menadione,-3.03,-2.667,CC2=CC(=O)c1ccccc1C2=O 
nifuroxime,-2.19,-1.8430000000000002,ON=Cc1ccc(o1)N(=O)=O 
Hexane ,-3.84,-2.615,CCCCCC
Pyrolan,-2.09,-3.141,CN(C)C(=O)Oc1cc(C)nn1c2ccccc2
"1,2-Benzenediol",0.62,-1.635,Oc1ccccc1O
hydroxychlordene,-5.46,-4.156000000000001,OC1C=CC2C1C3(Cl)C(=C(Cl)C2(Cl)C3(Cl)Cl)Cl 
"1,3,5-Tribromobenzene",-5.6,-5.27,Brc1cc(Br)cc(Br)c1
Carbromal,-2.68,-2.198,CCC(Br)(CC)C(=O)NC(N)=O
5-Ethyl-5-isopropylbarbituric acid,-2.148,-1.6030000000000002,O=C1NC(=O)NC(=O)C1(CC)C(C)C
piroxicam,-4.16,-3.4730000000000003,CN2C(=C(O)c1ccccc1S2(=O)=O)C(=O)Nc3ccccn3 
2-Octanone,-2.05,-1.909,CCCCCCC(=O)C
Amitraz,-5.47,-5.5329999999999995,CN(C=Nc1ccc(C)cc1C)C=Nc2ccc(C)cc2C
Cyfluthrin,-7.337000000000001,-6.84,CC1(C)C(C=C(Cl)Cl)C1C(=O)OC(C#N)c2ccc(F)c(Oc3ccccc3)c2
Thiophene,-1.33,-2.2319999999999998,c1ccsc1
"3,4-Dichloronitrobenzene",-3.2,-3.448,O=N(=O)c1cc(Cl)c(Cl)cc1
vamidothion,1.1440000000000001,-1.446,CNC(=O)C(C)SCCSP(=O)(OC)(OC)
1-Nitropropane,-0.8,-0.816,CCCN(=O)=O
Pentachlorophenol,-4.28,-4.835,Oc1c(Cl)c(Cl)c(Cl)c(Cl)c1Cl
Chlordane,-6.86,-6.039,ClC1CC2C(C1Cl)C3(Cl)C(=C(Cl)C2(Cl)C3(Cl)Cl)Cl
Heptane,-4.53,-2.97,CCCCCCC
4-hexylresorcinol,-2.59,-3.4930000000000003,c1(O)cc(O)ccc1CCCCCC
Iodomethane,-1.0,-1.646,CI
Kepone,-5.2589999999999995,-5.112,ClC1(C(=O)C2(Cl)C3(Cl)C14Cl)C5(Cl)C2(Cl)C3(Cl)C(Cl)(Cl)C45Cl
"1,7-phenantroline",-2.68,-2.9939999999999998,c1cnc2c(c1)ccc3ncccc23
Perfluidone,-3.8,-4.945,Cc1cc(ccc1NS(=O)(=O)C(F)(F)F)S(=O)(=O)c2ccccc2
"cis 1,2-Dichloroethylene",-1.3,-1.561,Cl\C=C/Cl
RTI 10,-3.6719999999999997,-2.7710000000000004,O2c1ccccc1N(C)C(=O)c3cccnc23 
Phenylhydrazine,0.07,-1.8659999999999999,NNc1ccccc1
Propionitrile,0.28,-0.26899999999999996,CCC#N
Antipyrene,0.715,-1.733,Cc1cc(=O)n(c2ccccc2)n1C
Diethyldisulfide,-2.42,-2.364,CCSSCC
Acenapthylene,-3.96,-3.682,C1=Cc2cccc3cccc1c23
uric acid,-3.93,-0.541,O=c2[nH]c(=O)c1[nH]c(=O)[nH]c1[nH]2 
Spironolactone,-4.173,-3.842,CC(=O)SC4CC1=CC(=O)CCC1(C)C5CCC2(C)C(CCC23CCC(=O)O3)C45
3-Ethyl-3-pentanol,-0.85,-1.663,CCC(O)(CC)CC
p-Chloronitrobenzene,-2.92,-2.9010000000000002,Clc1ccc(cc1)N(=O)=O
3-Heptanol ,-1.47,-1.6780000000000002,CCCCC(O)CC
Carbanilide,-3.15,-3.611,O=C(Nc1ccccc1)Nc2ccccc2
diphenamid,-2.98,-3.147,CN(C)C(=O)C(c1ccccc1)c2ccccc2 
Fluvalinate,-8.003,-8.057,CC(C)C(Nc1ccc(cc1Cl)C(F)(F)F)C(=O)OC(C#N)c2cccc(Oc3ccccc3)c2
2-cyanoguanidine,-0.31,0.361,NC(N)=NC#N 
2-Methyl-2-hexanol,-1.08,-1.663,CCCCC(C)(C)O
Atratone,-2.084,-3.185,CCNc1nc(NC(C)C)nc(OC)n1
2-aminoanthracene,-5.17,-3.7889999999999997,Nc3ccc2cc1ccccc1cc2c3 
Carbofuran,-2.8,-3.05,CNC(=O)Oc1cccc2CC(C)(C)Oc12
"2,3',4,4',5-PCB",-7.39,-7.343,Clc1ccc(c(Cl)c1)c2cc(Cl)c(Cl)c(Cl)c2Cl 
Monolinuron,-2.57,-2.948,CON(C)C(=O)Nc1ccc(Cl)cc1
4-methoxypteridine,-1.11,-1.589,COc1ncnc2nccnc12 
4-Ethyltoluene,-3.11,-3.3280000000000003,CCc1ccc(C)cc1
2-Pentanone,-0.19,-0.846,CCCC(=O)C
Dialifor,-6.34,-5.026,CCOP(=S)(OCC)SC(CCl)N1C(=O)c2ccccc2C1=O
Indan,-3.04,-3.057,C1Cc2ccccc2C1
Tetrachloroethylene,-2.54,-3.063,ClC(=C(Cl)Cl)Cl
"2,3,3',4,4'6-PCB",-7.66,-7.746,Clc1ccc(c(Cl)c1Cl)c2c(Cl)cc(Cl)c(Cl)c2Cl 
Etomidate,-4.735,-3.359,CCOC(=O)c1cncn1C(C)c2ccccc2
p-Aminophenol,-0.8,-1.2309999999999999,Nc1ccc(O)cc1
"2,2',4,4',6,6'-PCB",-8.71,-7.178999999999999,Clc1cc(Cl)c(c(Cl)c1)c2c(Cl)cc(Cl)cc2Cl 
2-Octanol,-2.09,-2.033,CCCCCCC(C)O
"5,5-Dimethylbarbituric acid",-1.742,-0.556,O=C1NC(=O)NC(=O)C1(C)C
menthol,-2.53,-2.782,CC(C)C1CCC(C)CC1O 
2-Ethyltoluene,-3.21,-3.2960000000000003,CCc1ccccc1C
Ethirimol,-3.028,-2.7319999999999998,CCCCc1c(C)nc(NCC)[nH]c1=O
o-Methoxyphenol,-1.96,-1.9409999999999998,COc1ccccc1O
chlorothiazide,-3.05,-1.7519999999999998,NS(=O)(=O)c2cc1c(N=CNS1(=O)=O)cc2Cl 
Dulcin,-2.17,-2.167,CCOc1ccc(NC(N)=O)cc1
o-Chloroiodobenzene,-3.54,-4.3839999999999995,Clc1ccccc1I
2-Methylphenanthrene,-5.84,-4.87,Cc1ccc2c(ccc3ccccc32)c1
"2,3,4-Trimethylpentane",-4.8,-3.2760000000000002,CC(C)C(C)C(C)C
Medrogestone,-5.27,-4.593,CC(=O)C3(C)CCC4C2C=C(C)C1=CC(=O)CCC1(C)C2CCC34C
"3,3-Dimethyl-2-butanol",-0.62,-1.2919999999999998,CC(O)C(C)(C)C
"2,2',3,5,5',6-PCB",-7.42,-7.261,Clc1ccc(Cl)c(c1)c2c(Cl)c(Cl)cc(Cl)c2Cl 
trichlormethiazide,-2.68,-2.98,NS(=O)(=O)c2cc1c(NC(NS1(=O)=O)C(Cl)Cl)cc2Cl 
probarbital,-2.21,-1.6030000000000002,CCC1(C(C)C)C(=O)NC(=O)NC1=O 
"2,3,4,6-Tetrachlorophenol",-3.1,-4.203,Oc1c(Cl)cc(Cl)c(Cl)c1Cl
Sulfallate,-3.39,-3.2539999999999996,CCN(CC)C(=S)SCC(Cl)=C
4-Methyl-2-pentanone,-0.74,-1.1840000000000002,CC(C)CC(=O)C
Ethanethiol,-0.6,-0.968,CCS
Terbumeton,-3.239,-3.505,CCNc1nc(NC(C)(C)C)nc(OC)n1
Isoprocarb,-2.863,-2.734,CNC(=O)Oc1ccccc1C(C)C
Terbacil,-2.484,-3.033,Cc1[nH]c(=O)n(c(=O)c1Cl)C(C)(C)C
7-methylpteridine,-0.8540000000000001,-1.24,Cc2cnc1cncnc1n2
1-Methylnaphthalene,-3.7,-3.802,Cc1cccc2ccccc12
1-Phenylethanol,-0.92,-1.919,CC(O)c1ccccc1
Lenacil,-4.593999999999999,-3.355,O=c2[nH]c1CCCc1c(=O)n2C3CCCCC3
"1,3-Dichlorobenzene",-3.04,-3.5580000000000003,Clc1cccc(Cl)c1
"2,3,3',4,4',5-PCB",-7.82,-7.425,Clc1ccc(cc1Cl)c2cc(Cl)c(Cl)c(Cl)c2Cl 
"2,3,6-Trichlorophenol",-2.64,-3.572,Oc1c(Cl)ccc(Cl)c1Cl
"1,3-Difluorobenzene",-2.0,-2.636,Fc1cccc(F)c1
Progesterone,-4.42,-4.17,CC(=O)C1CCC2C3CCC4=CC(=O)CCC4(C)C3CCC12C
chlordimeform,-2.86,-3.1639999999999997,CN(C)C=Nc1ccc(Cl)cc1C
thiamylal,-3.46,-3.063,CCCC(C)C1(CC=C)C(=O)NC(=S)NC1=O 
t-Pentylbenzene,-4.15,-3.867,CC(C)(C)Cc1ccccc1
Fenthion,-4.57,-4.265,COP(=S)(OC)Oc1ccc(SC)c(C)c1
2-Methylbutanol,-0.47,-1.0270000000000001,CCC(C)CO
1-Iodopropane,-2.29,-2.4859999999999998,CCCI
Camphor,-1.96,-2.158,CC1(C)C2CCC1(C)C(=O)C2
Isopropalin,-6.49,-5.306,CCCN(CCC)c1c(cc(cc1N(=O)=O)C(C)C)N(=O)=O
Chloroacetonitrile,-0.092,-0.44799999999999995,ClCC#N
Isofenphos,-4.194,-4.538,CCOP(=S)(NC(C)C)Oc1ccccc1C(=O)OC(C)C
Diethyl sulfide,-1.34,-1.598,CCSCC
Naled,-2.28,-3.548,COP(=O)(OC)OC(Br)C(Cl)(Cl)Br
Cycloheptyl-5-spirobarbituric acid,-3.168,-1.844,O=C2NC(=O)C1(CCCCCC1)C(=O)N2 
"1,4-Diethylbenzene ",-3.75,-3.633,CCc1ccc(CC)cc1
benodanil,-4.21,-4.245,c1c(NC(=O)c2ccccc2(I))cccc1
1-Bromonapthalene,-4.35,-4.434,Brc1cccc2ccccc12
1-Dodecanol,-4.8,-3.523,CCCCCCCCCCCCO
3-Methylphenol,-0.68,-2.313,Cc1cccc(O)c1
2-Bromopropane,-1.59,-1.949,CC(C)Br
2-Methylbutane,-3.18,-2.245,CCC(C)C
"2,4'-PCB",-5.28,-5.142,Clc1ccc(cc1)c2ccccc2Cl 
cortisone acetate,-4.21,-3.426,CC(=O)OCC(=O)C3(O)CCC4C2CCC1=CC(=O)CCC1(C)C2C(=O)CC34C 
p-Chlorobromobenzene,-3.63,-3.928,Clc1ccc(Br)cc1
Cycloheptanol,-0.88,-1.7,OC1CCCCCC1
"1,2,3,4-Tetrahydronapthalene",-4.37,-3.447,C1CCc2ccccc2C1
isophorone,-1.06,-2.015,CC1=CC(=O)CC(C)(C)C1 
d-inositol,0.35,-0.887,OC1C(O)C(O)C(O)C(O)C1O
dibutyl sebacate,-3.8960000000000004,-4.726,CCCCOC(=O)CCCCCCCCC(=O)OCCCC
Methylcyclohexane ,-3.85,-2.891,CC1CCCCC1
Ethyl-p-hydroxybenzoate ,-2.35,-2.761,CCOC(=O)c1ccc(O)cc1
Methylparaben,-1.827,-2.441,COC(=O)c1ccc(O)cc1
Amigdalin,-0.77,-0.9740000000000001,OCC3OC(OCC2OC(OC(C#N)c1ccccc1)C(O)C(O)C2O)C(O)C(O)C3O 
Napthalene,-3.6,-3.468,c1ccc2ccccc2c1
"Sparsomycin (3,8mg/ml)",-1.9809999999999999,-1.57,CSCS(=O)CC(CO)NC(=O)C=Cc1c(C)[nH]c(=O)[nH]c1=O
"5,6,7,8-tetrahydro-2-naphthol",-1.99,-3.0860000000000003,Oc2ccc1CCCCc1c2 
Chloropicrin,-2.0,-1.8659999999999999,ClC(Cl)(Cl)N(=O)=O
"3,3-Dimethyl-2-butanone",-0.72,-1.25,CC(=O)C(C)(C)C
Thiophenol ,-2.12,-2.758,Sc1ccccc1
"1,1-Dichloroethylene",-1.64,-1.939,ClC(=C)Cl
"3,4-Dimethylphenol",-1.38,-2.6210000000000004,Cc1ccc(O)cc1C
Theophylline,-1.39,-1.452,Cn1c(=O)n(C)c2nc[nH]c2c1=O
"1,3-Dichloropropane",-1.62,-1.618,ClCCCCl
RTI 5,-3.324,-3.471,CCN2c1ccccc1N(C)C(=O)c3cccnc23 
deoxycorticosterone acetate,-4.63,-4.4719999999999995,CC(=O)OCC(=O)C3CCC4C2CCC1=CC(=O)CCC1(C)C2CCC34C 
"trans-1,4-Dimethylcyclohexane",-4.47,-3.305,C/C1CCC(\C)CC1
Oxycarboxin,-2.281,-2.169,CC1=C(C(=O)Nc2ccccc2)S(=O)(=O)CCO1
Biphenyl,-4.345,-4.079,c1ccc(cc1)c2ccccc2
"3,5-Dimethylpyridine",0.38,-2.0980000000000003,Cc1cncc(C)c1
"2,2-Dimethylpentanol",-1.52,-1.719,CCCC(C)(C)CO
chloralose,-1.84,-1.8869999999999998,OCC(O)C2OC1OC(OC1C2O)C(Cl)(Cl)Cl 
2-Bromotoluene,-2.23,-3.667,Cc1ccccc1Br
Phenanthrene,-5.26,-4.518,c1ccc2c(c1)ccc3ccccc32
Epiandrosterone,-4.16,-3.8819999999999997,CC34CCC1C(CCC2CC(O)CCC12C)C3CCC4=O
Flurochloridone,-4.047,-4.749,FC(F)(F)c1cccc(c1)N2CC(CCl)C(Cl)C2=O
"2,2',3,3',4,4'-PCB",-8.01,-7.192,Clc1ccc(c(Cl)c1Cl)c2ccc(Cl)c(Cl)c2Cl 
Dicofol,-5.666,-6.268,OC(c1ccc(Cl)cc1)(c2ccc(Cl)cc2)C(Cl)(Cl)Cl
Toluene ,-2.21,-2.713,Cc1ccccc1
Acenapthene,-4.63,-3.792,C1Cc2cccc3cccc1c23
2-Methylphenol,-0.62,-2.281,Cc1ccccc1O
"1,4-Dinitrobenzene",-3.39,-2.281,O=N(=O)c1ccc(cc1)N(=O)=O
"2,3-Dimethylbutane",-3.65,-2.5839999999999996,CC(C)C(C)C
Atrazine,-3.85,-3.069,CCNc1nc(Cl)nc(NC(C)C)n1
Ethanol,1.1,0.02,CCO
Fluoromethalone,-4.099,-3.5069999999999997,CC1CC2C3CCC(O)(C(=O)C)C3(C)CC(O)C2(F)C4(C)C=CC(=O)C=C14
uracil,-1.4880000000000002,-0.441,O=c1cc[nH]c(=O)[nH]1 
Ancymidol,-2.596,-2.181,COc1ccc(cc1)C(O)(C2CC2)c3cncnc3 
oryzalin,-5.16,-3.784,CCCN(CCC)c1c(cc(cc1N(=O)=O)S(N)(=O)=O)N(=O)=O
DDD,-7.2,-6.007999999999999,ClC(Cl)C(c1ccc(Cl)cc1)c2ccc(Cl)cc2
Ethyl hexanoate,-2.35,-2.254,CCCCCC(=O)OCC
4-Chlorophenol ,-0.7,-2.761,Oc1ccc(Cl)cc1
3-Octanoyloxymethylphenytoin,-6.523,-4.84,O=C1N(COC(=O)CCCCCCC)C(=O)C(N1)(c2ccccc2)c3ccccc3
2-Ethyl-2-hexanal,-2.46,-2.081,CCCC=C(CC)C=O
"2,4,6-Trinitrotoluene",-3.22,-2.6060000000000003,Cc1c(cc(cc1N(=O)=O)N(=O)=O)N(=O)=O
Quinonamid,-5.03,-3.988,ClC(Cl)CC(=O)NC2=C(Cl)C(=O)c1ccccc1C2=O
Cyanazine,-3.15,-2.49,CCNc1nc(Cl)nc(NC(C)(C)C#N)n1
Primidone,-2.64,-1.8969999999999998,CCC1(C(=O)NCNC1=O)c2ccccc2
Fludrocortisone,-3.43,-3.1719999999999997,CC34CC(O)C1(F)C(CCC2=CC(=O)CCC12C)C3CCC4(O)C(=O)CO 
Salicin,-0.85,-0.975,OCC2OC(Oc1ccccc1CO)C(O)C(O)C2O
Phthalonitrile,-2.38,-1.7169999999999999,N#Cc1ccccc1C#N
"1,3-diethylthiourea",-1.46,-1.028,CCNC(=S)NCC
Barbital,-2.4,-1.265,O=C1NC(=O)NC(=O)C1(CC)CC
Cycloheptane,-3.51,-2.9160000000000004,C1CCCCCC1
RTI 24,-5.36,-4.423,CCN2c1cc(Cl)ccc1NC(=O)c3cccnc23 
Fenitrothion,-4.04,-3.845,COP(=S)(OC)Oc1ccc(N(=O)=O)c(C)c1
"2,3',5-PCB",-6.01,-5.7620000000000005,Clc1cccc(c1)c2cc(Cl)ccc2Cl 
2-Iodopropane,-2.09,-2.4859999999999998,CC(C)I
RTI 15,-4.553999999999999,-3.891,CCN2c1nc(C)cc(C)c1NC(=O)c3cccnc23 
2-Ethyl-1-hexanol,-2.11,-2.089,CCCCC(CC)CO
5-methylcytosine,-1.4580000000000002,-0.257,Nc1c(C)c[nH]c(=O)n1 
"4,4'-PCB",-6.56,-5.2989999999999995,Clc1ccc(cc1)c2ccc(Cl)cc2 
Perylene,-8.804,-6.007000000000001,c1cc2cccc3c4cccc5cccc(c(c1)c23)c54
Trichlorfon,-0.22,-1.8659999999999999,COP(=O)(OC)C(O)C(Cl)(Cl)Cl
Chloroxuron,-4.89,-4.477,CN(C)C(=O)Nc2ccc(Oc1ccc(Cl)cc1)cc2
Nitrobenzene,-1.8,-2.2880000000000003,O=N(=O)c1ccccc1
alloxan,-1.25,0.436,O=C1NC(=O)C(=O)C(=O)N1 
Benzamide,-0.96,-1.501,NC(=O)c1ccccc1
"2,4',5-PCB",-6.25,-5.7620000000000005,Clc1ccc(cc1)c2cc(Cl)ccc2Cl 
phenobarbital,-2.322,-2.272,CCC1(C(=O)NC(=O)NC1=O)c2ccccc2 
Formothion,-1.995,-2.0869999999999997,COP(=S)(OC)SCC(=O)N(C)C=O
phenylbutazone,-3.81,-4.0760000000000005,CCCCC1C(=O)N(N(C1=O)c2ccccc2)c3ccccc3 
"1,2,3-Trimethylbenzene ",-3.2,-3.312,Cc1cccc(C)c1C
"1,2,3,5-Tetrachlorobenzene",-4.63,-4.621,Clc1cc(Cl)c(Cl)c(Cl)c1
1-Octadecanol,-8.4,-5.649,CCCCCCCCCCCCCCCCCCO
1-Butyne,-1.24,-1.092,CCC#C
1-Iodoheptane,-4.81,-3.904,CCCCCCCI
Hexestrol,-4.43,-4.854,CCC(C(CC)c1ccc(O)cc1)c2ccc(O)cc2
m-Chlorobromobenzene,-3.21,-3.928,Clc1cccc(Br)c1
Altretamine,-3.364,-2.492,CN(C)c1nc(nc(n1)N(C)C)N(C)C
Napropamide,-3.57,-4.088,CCN(CC)C(=O)C(C)Oc1cccc2ccccc12 
2-Methylanthracene,-6.96,-4.87,Cc1ccc2cc3ccccc3cc2c1
Acetonitrile,0.26,0.152,CC#N
alachlor,-3.26,-3.319,CCc1cccc(CC)c1N(COC)C(=O)CCl 
2-pyrrolidone,1.07,0.243,O=C1CCCN1
Glyceryl triacetate,-0.6,-1.285,CC(=O)OCC(COC(=O)C)OC(=O)C
Etofenprox,-8.6,-6.896,CCOc1ccc(cc1)C(C)(C)COCc3cccc(Oc2ccccc2)c3
rhodanine,-1.77,-0.396,C1SC(=S)NC1(=O)
3-Pentanoyloxymethylphenytoin,-4.678,-3.81,O=C1N(COC(=O)CCCC)C(=O)C(N1)(c2ccccc2)c3ccccc3
Reposal,-2.696,-2.781,CCC1(C(=O)NC(=O)NC1=O)C2=CCC3CCC2C3
Ethyl acetate,-0.04,-0.77,CCOC(=O)C
Benfluralin,-5.53,-5.205,CCCCN(CC)c1c(cc(cc1N(=O)=O)C(F)(F)F)N(=O)=O
thymine,-1.506,-0.78,Cc1c[nH]c(=O)[nH]c1=O 
p-terphenyl,-7.11,-5.7410000000000005,c1ccc(cc1)c2ccc(cc2)c3ccccc3
"1,3-Dinitrobenzene",-2.29,-2.281,O=N(=O)c1cccc(c1)N(=O)=O
2-Ethyl pyridine,0.51,-2.051,CCc1ccccn1
"1,2-Dibromobenzene",-3.5,-4.172,Brc1ccccc1Br
Ethyl benzoate ,-2.32,-2.775,CCOC(=O)c1ccccc1
Mecarbam,-2.5180000000000002,-3.738,CCOC(=O)N(C)C(=O)CSP(=S)(OCC)OCC
Linuron,-3.592,-3.5810000000000004,CON(C)C(=O)Nc1ccc(Cl)c(Cl)c1
ethyl cinnamate,-3.0,-3.0980000000000003,CCOC(=O)C=Cc1ccccc1
cis-2-Pentene,-2.54,-2.076,CC/C=C\C
3-Methyl-1-Butene,-2.73,-1.994,CC(C)C=C
Mebendazole,-3.88,-4.118,COC(=O)Nc2nc1ccc(cc1[nH]2)C(=O)c3ccccc3
1-Chlorobutane,-2.03,-1.94,CCCCCl
"2,4-Dimethylpyridine",0.38,-2.0980000000000003,Cc1ccnc(C)c1
Pentobarbital,-2.39,-2.312,O=C1NC(=O)NC(=O)C1(CC)C(C)CCC
chloroacetamide,-0.02,-0.106,NC(=O)CCl 
"2,2',3,3',4,4',5,5',6,6'-PCB",-11.6,-9.589,Clc1c(Cl)c(Cl)c(c(Cl)c1Cl)c2c(Cl)c(Cl)c(Cl)c(Cl)c2Cl 
3-Methyl-3-pentanol,-0.36,-1.308,CCC(C)(O)CC
1-Chloropropane,-1.47,-1.585,CCCCl
"1,4-Difluorobenzene",-1.97,-2.636,Fc1ccc(F)cc1
Propionaldehyde,0.58,-0.39399999999999996,CCC=O
"5,6-Dimethylchrysene",-7.01,-6.265,Cc1c(C)c2c3ccccc3ccc2c4ccccc14
Equilin,-5.282,-3.555,CC34CCC1C(=CCc2cc(O)ccc12)C3CCC4=O
Succinimide,0.3,0.282,O=C1CCC(=O)N1
Bendroflumethiazide,-3.59,-3.741,NS(=O)(=O)c3cc2c(NC(Cc1ccccc1)NS2(=O)=O)cc3C(F)(F)F
Fenpropathrin,-6.025,-6.15,CC1(C)C(C(=O)OC(C#N)c2cccc(Oc3ccccc3)c2)C1(C)C
3-Methyl-2-pentanol,-0.72,-1.381,CCC(C)CCO
Coumaphos,-5.382000000000001,-5.04,CCOP(=S)(OCC)Oc2ccc1oc(=O)c(Cl)c(C)c1c2
"2,3,5-Trichlorophenol",-2.67,-3.78,Oc1cc(Cl)cc(Cl)c1Cl
5-Ethyl-5-(3-methylbutyl)barbital,-2.658,-2.312,O=C1NC(=O)NC(=O)C1(CC)CCC(C)C
Chlorodibromethane,-1.9,-2.54,ClC(Br)Br
"1,4-Dichlorobenzene",-3.27,-3.5580000000000003,Clc1ccc(Cl)cc1
Fenarimol,-4.38,-4.1080000000000005,OC(c1ccc(Cl)cc1)(c2cncnc2)c3ccccc3Cl
Butanethiol ,-2.18,-1.676,CCCCS
Bibenzyl ,-4.62,-4.301,C(Cc1ccccc1)c2ccccc2
"2,4-Dimethylpentane",-4.26,-2.938,CC(C)CC(C)C
Metolachlor,-2.73,-3.431,CCc1cccc(C)c1N(C(C)COC)C(=O)CCl 
Benzo(e)pyrene,-7.8,-6.007000000000001,c1ccc2c(c1)c3cccc4ccc5cccc2c5c43
4-Pentene-1-ol,-0.15,-0.7909999999999999,OCCCC=C
"7,12-Dimethylbenz(a)anthracene",-7.02,-6.297000000000001,Cc1c2ccccc2c(C)c3ccc4ccccc4c13
Bromodichloromethane,-1.54,-2.176,BrC(Cl)Cl
"1,2,4-Trichlorobenzene",-3.59,-4.083,Clc1ccc(Cl)c(Cl)c1
fensulfothion,-2.3,-3.283,CCOP(=S)(OCC)Oc1ccc(cc1)S(C)=O 
Difenoxuron,-4.16,-3.928,COc2ccc(Oc1ccc(NC(=O)N(C)C)cc1)cc2
styrene oxide,-1.6,-1.8259999999999998,C1OC1c2ccccc2 
5-Nonanone,-2.58,-2.329,CCCCC(=O)CCCC
eucalyptol,-1.64,-2.5789999999999997,CC12CCC(CC1)C(C)(C)O2 
4-Heptanol,-1.4,-1.6780000000000002,CCCC(O)CCC
diethylstilbestrol,-4.07,-5.074,CCC(=C(CC)c1ccc(O)cc1)c2ccc(O)cc2 
bromopropylate,-4.93,-5.832999999999999,CC(C)OC(=O)C(O)(c1ccc(Br)cc1)c2ccc(Br)cc2 
"2,4,6-Trichlorophenol",-2.34,-3.648,Oc1c(Cl)cc(Cl)cc1Cl
"2,2,4,6,6'-PCB",-7.32,-6.545,Clc1cc(Cl)c(c(Cl)c1)c2c(Cl)cccc2Cl
Parathion,-4.66,-3.949,CCOP(=S)(OCC)Oc1ccc(cc1)N(=O)=O
1-Decene,-5.51,-3.781,CCCCCCCCC=C
6-aminochrysene,-6.2,-4.849,Nc3cc2c1ccccc1ccc2c4ccccc34 
Anisole,-1.85,-2.3680000000000003,COc1ccccc1
ampyrone,-0.624,-1.192,Cc2c(N)c(=O)n(c1ccccc1)n2C
aminothiazole,-0.36,-1.226,Nc1nccs1 
"2,2',3,3',5,5',6,6'-PCB",-9.15,-8.304,Clc1cc(Cl)c(Cl)c(c1Cl)c2c(Cl)c(Cl)cc(Cl)c2Cl 
indoline,-1.04,-2.195,c2ccc1NCCc1c2 
Isobutylbenzene,-4.12,-3.57,CC(C)Cc1ccccc1
2-Methyl-2-heptanol,-1.72,-2.017,CCCCCC(C)(C)O
p-benzidine,-2.7,-2.613,Nc1ccc(cc1)c2ccc(N)cc2
"1,2-Dibromoethane",-1.68,-2.102,BrCCBr
Piperophos,-4.15,-4.637,CCCOP(=S)(OCCC)SCC(=O)N1CCCCC1C
Ethyl octanoate,-3.39,-2.9619999999999997,CCCCCCCC(=O)OCC
2-Nonanol,-2.74,-2.387,CCCCCCCC(C)O
2-Methylpropan-1-ol,0.1,-0.672,CC(C)CO
phthalimide,-2.61,-1.882,O=C1NC(=O)c2ccccc12 
"1,3-Butadiene",-1.87,-1.376,C=CC=C
Propazine,-4.43,-3.3289999999999997,CC(C)Nc1nc(Cl)nc(NC(C)C)n1
Pyrene,-6.176,-4.957,c1cc2ccc3cccc4ccc(c1)c2c34
m-Fluorobromobenzene,-2.67,-3.467,Fc1cccc(Br)c1
1-Pentadecanol,-6.35,-4.586,CCCCCCCCCCCCCCCO
alloxantin,-1.99,0.919,C1(=O)NC(=O)NC(=O)C1(O)C2(O)C(=O)NC(=O)NC2(=O)
"2,4,6-Trimethylphenol",-2.05,-2.9410000000000003,Cc1cc(C)c(O)c(C)c1
2-Methylnapthalene,-3.77,-3.802,Cc1ccc2ccccc2c1
Fluorene ,-5.0,-4.125,C1c2ccccc2c3ccccc13
m-Chloroaniline,-1.37,-2.392,Nc1cccc(Cl)c1
Trichloroacetonitrile,-2.168,-2.019,ClC(Cl)(Cl)C#N
4-Methylbiphenyl,-4.62,-4.4239999999999995,Cc1ccc(cc1)c2ccccc2
Methyl decanoate,-4.69,-3.3160000000000003,CCCCCCCCCC(=O)OC
"2,3,5,6-Tetrachlorophenol",-3.37,-4.203,Oc1c(Cl)c(Cl)cc(Cl)c1Cl
phenolphthalein,-2.9,-4.59,Oc1ccc(cc1)C2(OC(=O)c3ccccc23)c4ccc(O)cc4 
"2,2',3,4,5-PCB",-7.21,-6.709,Clc1cc(Cl)c(cc1Cl)c2cccc(Cl)c2Cl 
butacarb,-4.24,-4.6419999999999995,c1(C(C)(C)C)cc(C(C)(C)C)cc(OC(=O)NC)c1
1-Butanol,0.0,-0.688,CCCCO
m-Nitrophenol,-1.01,-2.318,Oc1cccc(c1)N(=O)=O
Styrene,-2.82,-2.85,C=Cc1ccccc1
"2,4-Dimethylphenol",-1.19,-2.6210000000000004,Cc1ccc(O)c(C)c1
Nitramine,-3.5610000000000004,-4.479,CCN(CC)c1c(cc(c(N)c1N(=O)=O)C(F)(F)F)N(=O)=O
Benzaldehyde,-1.19,-1.999,O=Cc1ccccc1
1-Nitronapthalene,-3.54,-3.4139999999999997,O=N(=O)c1cccc2ccccc12
Fenfuram,-3.3,-2.885,Cc1occc1C(=O)Nc2ccccc2
m-Chloronitrobenzene ,-2.77,-2.9010000000000002,Clc1cccc(c1)N(=O)=O
5-Allyl-5-isopropylbarbital,-1.7080000000000002,-1.706,O=C1NC(=O)NC(=O)C1(C(C)C)CC=C
nitroglycerin,-2.22,-2.029,O=N(=O)OCC(CON(=O)=O)ON(=O)=O 
2-hydroxypteridine,-1.9469999999999998,-1.4040000000000001,Oc2ncc1nccnc1n2
Androstenedione,-3.69,-3.3930000000000002,CC34CCC1C(CCC2=CC(=O)CCC12C)C3CCC4=O
RTI 9,-3.68,-3.784,O2c1ccccc1N(CC)C(=O)c3ccccc23 
4-Chloroanisole,-2.78,-3.057,COc1ccc(Cl)cc1
Terbufos,-4.755,-4.367,CCOP(=S)(OCC)SCSC(C)(C)C
Urea,0.96,0.8320000000000001,NC(=O)N
cycloate,-3.4,-3.35,CCSC(=O)N(CC)C1CCCCC1 
Epitostanol,-5.41,-4.545,CC45CCC2C(CCC3CC1SC1CC23C)C4CCC5O
2-Methylpropene,-2.33,-1.5730000000000002,CC(=C)C
Clonazepam,-3.4989999999999997,-3.707,Clc1ccccc1C2=NCC(=O)Nc3ccc(cc23)N(=O)=O
Propanil,-3.0,-3.6439999999999997,CCC(=O)Nc1ccc(Cl)c(Cl)c1
Maltose,0.358,1.071,OCC1OC(OC2C(O)C(O)C(O)OC2CO)C(O)C(O)C1O
p-Bromoiodobenzene,-4.56,-4.754,Brc1ccc(I)cc1
1-Nonyne ,-4.24,-2.864,CCCCCCCC#C
Flumetralin,-6.78,-6.584,CCN(Cc1c(F)cccc1Cl)c2c(cc(cc2N(=O)=O)C(F)(F)F)N(=O)=O
Methyl acrylate,-0.22,-0.878,COC(=O)C=C
"1,4-Pentadiene ",-2.09,-1.758,C=CCC=C
dimethirimol,-2.24,-3.57,CCCCc1c(C)nc(nc1O)N(C)C 
"9,10-Dimethylanthracene",-6.57,-5.228,Cc1c2ccccc2c(C)c3ccccc13
Butan-2-ol,0.47,-0.616,CCC(C)O
"1,2-Dichlorobenzene",-3.05,-3.4819999999999998,Clc1ccccc1Cl
Aldrin,-6.307,-5.511,ClC1=C(Cl)C2(Cl)C3C4CC(C=C4)C3C1(Cl)C2(Cl)Cl
cycloheximide,-1.13,-1.5319999999999998,CC1CC(C)C(=O)C(C1)C(O)CC2CC(=O)NC(=O)C2 
2-Hexanol,-0.89,-1.324,CCCCC(C)O
Diethyl ether ,-0.09,-0.718,CCOCC
Estrone,-3.955,-3.872,CC12CCC3C(CCc4cc(O)ccc34)C2CCC1=O
fluconazole,-1.8,-2.418,OC(Cn1cncn1)(Cn2cncn2)c3ccc(F)cc3F 
"N,N-Dimethylaniline",-1.92,-2.542,CN(C)c1ccccc1
2-Chlorotoluene,-3.52,-3.2969999999999997,Cc1ccccc1Cl
p-Xylene ,-2.77,-3.035,Cc1ccc(C)cc1
Chloroethane,-1.06,-1.165,ClCC
citral,-2.06,-2.5789999999999997,CC(C)=CCCC(C)=CC(=O)
allantoin,-1.6,0.652,NC(=O)NC1NC(=O)NC1=O 
"2,6-Dimethylphenol",-1.29,-2.589,Cc1cccc(C)c1O
Azintamide,-1.716,-2.231,CCN(CC)C(=O)CSc1ccc(Cl)nn1
Glafenine,-4.571000000000001,-5.052,OCC(O)COC(=O)c1ccccc1Nc2ccnc3cc(Cl)ccc23
"Atovaquone(0,430mg/ml) - neutral",-5.931,-6.269,OC4=C(C1CCC(CC1)c2ccc(Cl)cc2)C(=O)c3ccccc3C4=O
Ethylbenzene,-2.77,-2.988,CCc1ccccc1
Methyl propyl ether ,-0.39,-0.718,CCCOC
biquinoline,-5.4,-4.9030000000000005,c2ccc1nc(ccc1c2)c4ccc3ccccc3n4 
"2,2',4,5'-PCB",-6.57,-6.23,Clc1ccc(c(Cl)c1)c2cc(Cl)ccc2Cl 
"2,4-Dichlorophenol ",-1.55,-3.22,Oc1ccc(Cl)cc1Cl
Benzocaine,-2.616,-2.383,CCOC(=O)c1ccc(N)cc1
Griseofulvin,-3.2460000000000004,-3.3280000000000003,COC1=CC(=O)CC(C)C13Oc2c(Cl)c(OC)cc(OC)c2C3=O
Trichloronate,-5.752000000000001,-5.225,CCOP(=S)(CC)Oc1cc(Cl)c(Cl)cc1Cl
Phenylmethanol,-0.4,-1.699,OCc1ccccc1
meconin,-1.899,-0.825,c1c(OC)c(OC)C2C(=O)OCC2c1
1-Methylphenanthrene,-5.85,-4.87,Cc1cccc2c1ccc3ccccc32
Iodoethane,-1.6,-2.066,CCI
Estradiol,-5.03,-4.138,CC12CCC3C(CCc4cc(O)ccc34)C2CCC1O
Chloropham,-3.38,-3.5439999999999996,CC(C)OC(=O)Nc1cccc(Cl)c1
1-Chloronapthalene,-3.93,-4.063,Clc1cccc2ccccc12
1-Iodobutane,-2.96,-2.841,CCCCI
Isopropylbenzene ,-3.27,-3.265,CC(C)c1ccccc1
p-Cresol,-0.73,-2.313,Cc1ccc(O)cc1
"1,1,1,2-Tetrachloroethane",-2.18,-2.7939999999999996,ClCC(Cl)(Cl)Cl
DEF,-5.14,-4.074,CCCCSP(=O)(SCCCC)SCCCC
Androsterone,-4.402,-3.8819999999999997,CC12CCC(O)CC1CCC3C2CCC4(C)C3CCC4=O
Carbazole,-5.27,-3.8360000000000003,c1ccc2c(c1)[nH]c3ccccc32
Propyne,-0.41,-0.672,CC#C
Coronene,-9.332,-6.885,c1cc2ccc3ccc4ccc5ccc6ccc1c7c2c3c4c5c67
1-Octene ,-4.44,-3.073,CCCCCCC=C
o-Aminophenol,-0.72,-1.465,Nc1ccccc1O
Oxazepam,-3.952,-3.517,OC3N=C(c1ccccc1)c2cc(Cl)ccc2NC3=O 
Tribromomethane,-1.91,-2.904,BrC(Br)Br
2-Isopropyltoluene,-3.76,-3.585,CC(C)c1ccccc1C
Talbutal,-2.016,-2.06,CCC(C)C1(CC=C)C(=O)NC(=O)NC1=O
5-(3-Methyl-2-butenyl)-5-isoPrbarbital,-2.593,-2.465,O=C1NC(=O)NC(=O)C1(C(C)C)CC=C(C)C
1-Nonanol,-3.01,-2.46,CCCCCCCCCO
norbormide,-3.931,-4.238,OC(C1=CC2C5C(C1C2=C(c3ccccc3)c4ccccn4)C(=O)NC5=O)(c6ccccc6)c7ccccn7 
Disulfoton,-4.23,-3.975,CCOP(=S)(OCC)SCCSCC
Carbaryl,-3.2239999999999998,-3.0869999999999997,CNC(=O)Oc1cccc2ccccc12
2-Ethylhexanal,-2.13,-2.2319999999999998,CCCCC(CC)C=O
"2,2,5-Trimethylhexane",-5.05,-3.6310000000000002,CC(C)CCC(C)(C)C
2-methylpteridine,-0.12,-1.24,Cc2ncc1nccnc1n2
Tricresyl phosphate,-6.01,-6.39,Cc1ccc(OP(=O)(Oc2cccc(C)c2)Oc3ccccc3C)cc1
methylthiouracil,-2.436,-0.547,Cc1cc(=O)[nH]c(=S)[nH]1
Phenmedipham,-4.805,-4.229,COC(=O)Nc1cccc(OC(=O)Nc2cccc(C)c2)c1
Methanol,1.57,0.441,CO
Quintozene,-5.82,-5.098,Clc1c(Cl)c(Cl)c(N(=O)=O)c(Cl)c1Cl
Malonic acid diethylester,-0.82,-1.413,CCOC(=O)CC(=O)OCC
Isoquinoline,-1.45,-2.531,c1ccc2cnccc2c1
Acetophenone,-1.28,-2.0780000000000003,CC(=O)c1ccccc1
Reverse Transcriptase inhibitor 1,-2.62,-2.7939999999999996,CCN2c1ncccc1N(C)C(=O)c3cccnc23 
"1,2-Diethoxyethane ",-0.77,-0.833,CCOCCOCC
Pentamethylbenzene,-4.0,-3.9930000000000003,Cc1cc(C)c(C)c(C)c1C
Benzene ,-1.64,-2.418,c1ccccc1
"N,N-Diethylaniline",-3.03,-3.16,CCN(CC)c1ccccc1
Fenoxycarb,-4.7,-4.662,CCOC(=O)NCCOc2ccc(Oc1ccccc1)cc2
Fructose,0.64,0.47100000000000003,OCC1OC(O)(CO)C(O)C1O
"1,1,2-Trichloroethane",-1.48,-1.9609999999999999,ClCC(Cl)Cl
"2,2,4-Trimethylpentane",-4.74,-3.2760000000000002,CC(C)CC(C)(C)C
9-anthrol,-4.73,-4.148,c3ccc2c(O)c1ccccc1cc2c3 
3-Methyl-3-hexanol,-0.98,-1.663,CCCC(C)(O)CC
Pyrimidine,1.1,-0.884,c1cncnc1
thiouracil,-2.273,-0.992,Sc1nccc(=O)[nH]1 
Furane,-0.82,-1.837,c1ccoc1
